residue_index,amino_acid,plddt
1,H,40.8968
2,G,41.1426
3,G,38.7369
4,P,41.0984
5,K,37.3826
6,D,33.3589
7,E,32.5178
8,E,35.5091
9,R,32.4539
10,H,19.3503
11,V,25.2741
12,G,35.3833
13,G,32.8411
14,R,30.7436
15,K,33.7470
16,E,34.6603
17,E,34.2470
18,E,33.1622
19,R,34.9655
20,H,28.9933
21,V,29.3913
22,G,31.6974
23,R,32.1516
24,K,33.6392
25,K,31.8520
26,E,32.8896
27,E,32.9744
28,R,31.5192
29,H,25.3558
30,V,29.4462
31,S,31.0051
32,R,30.9670
33,K,31.7378
34,K,32.0423
35,E,30.9454
36,E,30.9460
37,R,30.7678
38,H,26.9265
39,V,28.1706
40,S,26.8744
41,R,31.7008
42,K,32.3738
43,A,29.7210
44,E,30.4755
45,E,31.9385
46,R,31.5948
47,H,22.3988
48,V,27.8890
49,G,32.6221
50,R,30.3333
51,K,29.2534
52,I,28.0159
53,E,30.2343
54,E,28.8152
55,A,29.5653
56,H,24.2044
57,V,27.3273
58,G,31.6903
59,R,29.5992
60,K,30.7549
61,A,30.7357
62,E,31.8542
63,E,29.8916
64,R,29.6304
65,H,19.5162
66,V,27.4942
67,S,27.7902
68,R,28.3923
69,K,27.0364
70,I,27.9721
71,E,28.1416
72,K,26.8742
73,A,28.6485
74,H,25.0224
75,L,25.7999
76,G,29.0185
77,R,29.8289
78,K,33.6597
79,D,25.0395
80,E,26.2133
81,E,28.7602
82,R,30.0149
83,H,25.2281
84,V,27.1459
85,G,31.6646
86,R,31.7977
87,K,32.5395
88,K,29.8626
89,E,28.1732
90,E,25.9402
91,R,29.4431
92,H,21.0839
93,V,21.9419
94,G,28.3545
95,R,28.5016
96,K,28.4103
97,A,28.7705
98,E,30.3039
99,E,29.1562
100,Q,27.0783
101,H,25.6528
102,V,30.0917
103,R,30.6537
104,R,31.1048
105,K,33.2309
106,T,27.6353
107,E,30.2480
108,E,30.6099
109,R,30.9629
110,H,20.8141
111,V,22.9611
112,G,29.8007
113,R,29.4843
114,K,28.8778
115,A,28.5282
116,E,30.1880
117,E,27.1677
118,R,23.6445
119,H,18.9629
120,V,23.9007
121,G,26.6494
122,R,21.0962
123,K,24.0312
124,I,21.2348
125,E,24.3198
126,E,22.6551
127,A,24.7346
128,H,13.3594
129,V,12.8690
130,G,26.4348
131,R,19.9685
132,K,19.7328
133,I,25.9482
134,E,30.8564
135,E,24.7888
