condition,dose,alpha_rel,idx,prompt,sequence,gen_length,entropy,plddt,ptm,fold_ok,collapse
L3_MATCHED_0x,0.0,0.0,0,IPPDQQRLIFAGKQL,IPPDQQRLIFAGKQLRMGBKOWBR<unk>O<unk>BLMPSWUGYVTWFVWSV,37,4.195675662809303,53.56018543243408,0.3012804090976715,True,1
L3_MATCHED_0x,0.0,0.0,1,QKRWDEAAVNLA,QKRWDEAAVNLARROLKWMKWPRUMKORWSLMWLYBLCDCNTAW,32,3.715018266288633,48.052817583084106,0.2883968651294708,True,1
L3_MATCHED_0x,0.0,0.0,2,QSHATKHKIPVK,QSHATKHKIPVKETBEWYNIKNAKOIDWCTMINC<unk>V<unk>GFCM<unk>VNMN,46,4.226850206236479,46.34917080402374,0.19499056041240692,True,1
L3_MATCHED_0x,0.0,0.0,3,PNEKRDHMVLL,PNEKRDHMVLLSPCBIURCUP<unk>WSQHMNOF<unk>PETGWDENMUTRBOQQL,45,4.508193929518777,49.023208022117615,0.1459888219833374,True,1
L3_MATCHED_0x,0.0,0.0,4,YLVCGERGFF,YLVCGERGFFFMANRRUURMFBSWPTWMRRL<unk>MIRFNTNUNTN,37,3.8206945011626217,47.869694232940674,0.2796410620212555,True,1
L3_MATCHED_0x,0.0,0.0,5,KTTQANKHIIVA,KTTQANKHIIVATKASGLHHPKMLUGHMDOYILYIRO<unk>MBRDYHGW,38,4.273728829005326,43.68598461151123,0.1696043610572815,True,1
L3_MATCHED_0x,0.0,0.0,6,GGDIFSNREGKLPGK,GGDIFSNREGKLPGKWIOOSNERBHCRFO<unk>UHUYRMUOBUY<unk>SGRFO,40,4.131687083026442,45.048582553863525,0.09628342092037201,True,1
L3_MATCHED_0x,0.0,0.0,7,KGKKIFIMKCSQCH,KGKKIFIMKCSQCHUDKMMRKWMQNLNRF<unk>TIKVIWMBNILKOBMN,36,4.048688113203415,53.1347930431366,0.32331109046936035,True,1
L3_MATCHED_0x,0.0,0.0,8,KKVADALTNAVAH,KKVADALTNAVAHMOROVAPRRWNYCQPTAMKHFWOPIWMWRINKP,33,3.7865221495303647,50.607502460479736,0.21663816273212433,True,1
L3_MATCHED_0x,0.0,0.0,9,DPENFRLLGNV,DPENFRLLGNVYUBWMMRUOECWWRYRPMRYARUFOQOFKLKQMOTY,36,3.749941238143319,64.5897388458252,0.376140296459198,True,0
L3_MATCHED_0x,0.0,0.0,10,GLDNYRGYSLGNW,GLDNYRGYSLGNWWRMPMLWMYIUM<unk>FKRNYFRMORRLRRUQFK,35,3.8145398046305803,62.576937675476074,0.44176799058914185,True,0
L3_MATCHED_0x,0.0,0.0,11,SLSGDHCIIGRTL,SLSGDHCIIGRTLYERUO<unk>WE<unk>PCLRMMTEROLOMHKOWKOTONWU,41,4.076348955520991,65.11693000793457,0.46535733342170715,True,0
L3_MATCHED_0x,0.0,0.0,12,LEDGRTLSDY,LEDGRTLSDYNWILRLSYKCERTDGSLYEOUP<unk>POTUUW<unk>YSSPKKI,45,4.296865596089289,49.285632371902466,0.19252443313598633,True,1
L3_MATCHED_0x,0.0,0.0,13,KRWDEAAVNLAKS,KRWDEAAVNLAKSKWNONIH<unk>FBWTMNTDWGBFEHIMBVIMLGLRTF,38,4.214132447255579,47.535240650177,0.25586944818496704,True,1
L3_MATCHED_0x,0.0,0.0,14,QEVLIRLFKG,QEVLIRLFKGNNKAMOMMERTR<unk>NNNMTNFNVU<unk>K<unk>TSBUKT,44,3.9098677671058417,50.97442269325256,0.14017745852470398,True,1
L3_MATCHED_0x,0.0,0.0,15,LSTQSALSKD,LSTQSALSKDFMMKIFEBETRRMFAAURRFEILF<unk>BNHRWFRIYR,39,3.9155067838565927,66.0693883895874,0.4746817946434021,True,0
L3_MATCHED_0x,0.0,0.0,16,AFVNQHLCGSHLVE,AFVNQHLCGSHLVEKTEBFTNBKMBTTOKWBKCREWFBROSIDTFMSS,34,3.5954317838032637,44.79762315750122,0.2292841374874115,True,1
L3_MATCHED_0x,0.0,0.0,17,ADVQAVCSQKN,ADVQAVCSQKNEUW<unk>UWDOMWWTUKRMSTEOWDRNQMYTCSUANWR,39,4.060416641661804,43.93126666545868,0.22674402594566345,True,1
L3_MATCHED_0x,0.0,0.0,18,VSAAGMLFSTAAKT,VSAAGMLFSTAAKTIRRDFTURFPWDFWRONNKQOQAAERRABIRRQW,34,3.5868878409958134,61.35968565940857,0.33085715770721436,True,0
L3_MATCHED_0x,0.0,0.0,19,KEERADLIAYLK,KEERADLIAYLKLF<unk>UKNMRO<unk>QREPBCNRNNOFRFFUUIBSAS,40,4.203055907333276,57.244300842285156,0.3069138526916504,True,1
L3_MATCHED_0x,0.0,0.0,20,VDDMPNALSALSDLH,VDDMPNALSALSDLHHMURYTNLLTSTLFGQQOKOBHYTYNROB,29,3.745406425938248,61.75961494445801,0.38353437185287476,True,0
L3_MATCHED_0x,0.0,0.0,21,FESFGDLSTP,FESFGDLSTPRNACNMFHBAKUROHR<unk>W<unk>NHUMLRTAVCKPVFRIYPN,46,4.368792054344758,50.72069764137268,0.23878461122512817,True,1
L3_MATCHED_0x,0.0,0.0,22,LGNWVCAAKF,LGNWVCAAKFYECUYRKM<unk>LKDEUOMMSSOHMIFWBVRAIKKNM,38,4.36346329043209,66.37660264968872,0.43051666021347046,True,0
L3_MATCHED_0x,0.0,0.0,23,AVCVLKGDGPVQGI,AVCVLKGDGPVQGINQTOSIIHMSBFRCFMEWYFU<unk>TN<unk>FWIARRUR,41,4.314749870418975,52.73968577384949,0.3417782187461853,True,1
L3_MATCHED_0x,0.0,0.0,24,KIQDKEGIPPDQQ,KIQDKEGIPPDQQMGYOROLOOYESITWYSTORQNEWBOMSLEOMOEI,35,3.5217212310452406,56.170254945755005,0.2955690026283264,True,1
L3_MATCHED_0x,0.0,0.0,25,AIGRNCNGVITKDEA,AIGRNCNGVITKDEAOCDOWTGWMC<unk>PDVQM<unk>VUQNPLYECMNW<unk>ULFR,46,4.348798912202497,45.44099271297455,0.15712273120880127,True,1
L3_MATCHED_0x,0.0,0.0,26,IIQVLQSKHPGD,IIQVLQSKHPGDTTTQFBYOGRKOTOIERDVYRNNONNNMQFFOO,33,3.570782286537524,53.08692455291748,0.09976202249526978,True,1
L3_MATCHED_0x,0.0,0.0,27,SKDPNEKRDHMV,SKDPNEKRDHMVVIRNRBIYHCLMBRUUFSPRKVLENBYANMLI,32,3.9056390622295662,70.4547107219696,0.46714669466018677,True,0
L3_MATCHED_0x,0.0,0.0,28,AGSLQPLALEGSL,AGSLQPLALEGSLAOUBI<unk>FSAFCYFORLROLFKKDFPBWWBEYASMK,39,4.243628103911205,58.8666558265686,0.3593735098838806,True,1
L3_MATCHED_0x,0.0,0.0,29,RVQPSLGKETAAAKF,RVQPSLGKETAAAKFTNNTGOKYNF<unk>LEBSBEWIWCDOTPO<unk>KWN,38,4.240962710641206,47.306907176971436,0.11169648170471191,True,1
L3_MATCHED_0x,0.0,0.0,30,INTFDGVADYL,INTFDGVADYLWFEGCSYPFLLMOBRNLRIRRWMANO<unk>UTWNESEG,39,4.3361829878711236,51.900142431259155,0.3346017003059387,True,1
L3_MATCHED_0x,0.0,0.0,31,MKCSQCHTVEKG,MKCSQCHTVEKGG<unk>DRMPDAW<unk>GYSIYENEWEORTMYUTBII<unk>EIK,46,4.294663586209604,44.18084919452667,0.14247167110443115,True,1
L3_MATCHED_0x,0.0,0.0,32,FPHFDLSHGSAQV,FPHFDLSHGSAQVKRWIYQPOYFOBBRHNMGVQKMKBD<unk>AOQYGEEK,38,4.326360407952694,47.856658697128296,0.1670732945203781,True,1
L3_MATCHED_0x,0.0,0.0,33,YPWTQRFFESFGDL,YPWTQRFFESFGDLSKKOIRKMRBSFBTMIVRRYHRLHWCAFKRCLEE,34,3.8665871058289585,65.19331336021423,0.4070817530155182,True,0
L3_MATCHED_0x,0.0,0.0,34,MRSLLILVLCFL,MRSLLILVLCFL<unk>QKOQEDGEYIRNRMOW<unk>BCMROQP<unk>MNGUYLU<unk>,50,4.263465189601647,49.27184283733368,0.22481940686702728,True,1
L3_MATCHED_0x,0.0,0.0,35,EKADDLGKGGN,EKADDLGKGGNIWWBWIIAPEWGWBSFWYWWLTWBKIDBADMW,32,3.336897470347699,42.35231578350067,0.19009889662265778,True,1
L3_MATCHED_0x,0.0,0.0,36,SDTIENVKAKI,SDTIENVKAKIWNFHPWPVRCSRIYD<unk><unk>VFIVRQIRUWUIRODLDHS,44,4.235015641798042,48.47679138183594,0.20326004922389984,True,1
L3_MATCHED_0x,0.0,0.0,37,EMLRIDERLRLKI,EMLRIDERLRLKIO<unk>FOYPS<unk>QYYLFUTP<unk>VYLUQPMNPSTKOMY,44,4.04718240301417,52.37239599227905,0.15170535445213318,True,1
L3_MATCHED_0x,0.0,0.0,38,MGLSDGEWQLVLN,MGLSDGEWQLVLNRNORBIPDYLDW<unk>BWRB<unk><unk>TONMYTKSECLRERB,46,4.2326037389862705,53.71477007865906,0.22519496083259583,True,1
L3_MATCHED_0x,0.0,0.0,39,ADKQKNGIKVNF,ADKQKNGIKVNFCSRPCFWAWNBOCWFNRPNBWERRFVOWGWTGTONN,36,3.5759228351852523,44.91572678089142,0.24325545132160187,True,1
L3_MATCHED_0x,0.0,0.0,40,ALWMRLLPLL,ALWMRLLPLLPVWNQMOYOWFTSQRN<unk>NUNGCMUHNYRYMRWAP,38,4.231369869151726,45.585283637046814,0.1587325483560562,True,1
L3_MATCHED_0x,0.0,0.0,41,KSLVLLSLLVLVLLL,KSLVLLSLLVLVLLLROBBFHLDFESTFQTEUEOVCBNNVROSTT,30,3.739572261986723,74.07837510108948,0.5101947784423828,True,0
L3_MATCHED_0x,0.0,0.0,42,GKSIGGDIFSNREGK,GKSIGGDIFSNREGKR<unk>YOOQFFRC<unk>WAPRNONOWIPTWEBPSMLST,40,4.3153115322251026,48.20531904697418,0.2092720866203308,True,1
L3_MATCHED_0x,0.0,0.0,43,VGIKKKEERAD,VGIKKKEERADBSGIRMYOWOPVQISRSSWMLSKOOTCUYWN<unk>DE,38,4.396229408796209,47.42517173290253,0.1138555258512497,True,1
L3_MATCHED_0x,0.0,0.0,44,PTTKTYFPHFDL,PTTKTYFPHFDLI<unk>WWKWCYK<unk>RLTLYWDHTLKFWMKQTNKL<unk>OVPC,47,4.198235533340309,54.22329306602478,0.3288027346134186,True,1
L3_MATCHED_0x,0.0,0.0,45,FTPPVQAAYQKVVAG,FTPPVQAAYQKVVAGNOIRGIWOSSMRUHRODOYTWNPLNNVNWNRG,32,3.6792292966721747,53.24491858482361,0.25883498787879944,True,1
L3_MATCHED_0x,0.0,0.0,46,GILQINSRWWCND,GILQINSRWWCNDLNMWIUHLWRSIRCOROWFCRRNLLNWFRWBWMQ,34,3.5058617379910055,47.79384434223175,0.27020007371902466,True,1
L3_MATCHED_0x,0.0,0.0,47,VHEKADDLGKGGNE,VHEKADDLGKGGNEESVRPSWCLWUMKKKWWTEELGWRNTWBWRBCN,33,3.652995726604101,39.718735218048096,0.1504928320646286,True,1
L3_MATCHED_0x,0.0,0.0,48,LSDYNIQKESTLHLV,LSDYNIQKESTLHLVHK<unk>ARKRLQRLIOLSBFUOYLROYIGFM<unk>RB,39,4.147850219462241,60.522669553756714,0.3672746419906616,True,0
L3_MATCHED_0x,0.0,0.0,49,LRIDERLRLKIYKD,LRIDERLRLKIYKDNUNOTKFRNYLYMMWINYOGGSGEBWRCMLD,31,3.977916874693636,47.29738533496857,0.29859140515327454,True,1
L3_MATCHED_1x,1.0,0.20000473771072358,0,KHLKSEDEMKASEDL,KHLKSEDEMKASEDLLCUDVYMFUBFIRSROTRMWLLCNEWA,27,4.032303242743952,70.95842957496643,0.5262674689292908,True,0
L3_MATCHED_1x,1.0,0.20000473771072358,1,DHYQQNTPIGDGPV,DHYQQNTPIGDGPVNLVOYMRQKHVMHRG<unk>FGWKWN<unk>WWKWOMFO,39,4.057855988582063,47.0230758190155,0.12527300417423248,True,1
L3_MATCHED_1x,1.0,0.20000473771072358,2,SLQKRGIVEQC,SLQKRGIVEQCMRWOKFTHOEKLREMQSMRWMMUFNRMMCRGBO,33,3.710575560843196,69.76696252822876,0.5088862776756287,True,0
L3_MATCHED_1x,1.0,0.20000473771072358,3,CSQKNVACKNGQ,CSQKNVACKNGQ<unk>FAUEYFENMHUTRTUMVWKNGOSRQ<unk>YEOWWAEE,43,4.330464394730848,53.22380065917969,0.30810821056365967,True,1
L3_MATCHED_1x,1.0,0.20000473771072358,4,YKTTDHYQTF,YKTTDHYQTFMRQOMWIEONRPLEGGRGRRWERIYNMNTWT,31,3.4934152615112533,46.23768925666809,0.25495368242263794,True,1
L3_MATCHED_1x,1.0,0.20000473771072358,5,TVEKGGKHKTGPN,TVEKGGKHKTGPNCSSWRYQPOCGSMMSQRKCPAYTYMKMB<unk>KVU,36,4.162573265150912,40.487828850746155,0.11939024925231934,True,1
L3_MATCHED_1x,1.0,0.20000473771072358,6,EYGAEALERMFLSFP,EYGAEALERMFLSFPLTRWCUATRQR<unk>QGTAOFALNOWEH<unk>LURGHF,40,4.165311532225102,51.43037438392639,0.25096186995506287,True,1
L3_MATCHED_1x,1.0,0.20000473771072358,7,QKVVAGVANALA,QKVVAGVANALALLR<unk>YRMYWRWWQOGTMWIIOWLEWMBT<unk>MR,39,3.8940006161317253,71.69457674026489,0.5107345581054688,True,0
L3_MATCHED_1x,1.0,0.20000473771072358,8,CNIPCSALLSSDITA,CNIPCSALLSSDITARRWWHSNEYMLYTHRBILR<unk><unk>QQLLRMNUBK,39,4.167206309261305,59.23622250556946,0.39808809757232666,True,1
L3_MATCHED_1x,1.0,0.20000473771072358,9,STKTGNAGSRLACGV,STKTGNAGSRLACGVARYAWMCKRWYUCKWRERWWLVYCOPVNWOKW,32,3.502620407472074,36.31114959716797,0.13325008749961853,True,1
L3_MATCHED_1x,1.0,0.20000473771072358,10,GIPPDQQRLIFA,GIPPDQQRLIFAORKOSOEFAOTHEO<unk>VTIREOR<unk>ONRTOEHP<unk>ILRR,48,3.917481250360578,53.55730056762695,0.14884033799171448,True,1
L3_MATCHED_1x,1.0,0.20000473771072358,11,KSPSLNAAKSELDK,KSPSLNAAKSELDKFIAO<unk>YQMA<unk>FO<unk>LGKIGG<unk><unk>EPF<unk>WCAOL<unk>QR,61,3.9098033657486235,59.817296266555786,0.38102030754089355,True,1
L3_MATCHED_1x,1.0,0.20000473771072358,12,DAQGAMNKALELFRK,DAQGAMNKALELFRKCTSFBBFRMYBCOS<unk>BTRB<unk>B<unk>RLNLABUCMRK,45,4.021168441498919,69.84356641769409,0.4687904715538025,True,0
L3_MATCHED_1x,1.0,0.20000473771072358,13,ILVELDGDVNGHK,ILVELDGDVNGHKCOBVWWKNBWMRWYWRBB<unk>OIGRPWWLOKWY,35,3.8290037311070537,49.440571665763855,0.24755799770355225,True,1
L3_MATCHED_1x,1.0,0.20000473771072358,14,LYLVCGERGF,LYLVCGERGFMTMRQOUG<unk>SYWKTGLURKBRK<unk>IMIRDWYBMOL<unk>A,48,4.282268229617389,49.63446259498596,0.10885339975357056,True,1
L3_MATCHED_1x,1.0,0.20000473771072358,15,TMSITDCRETG,TMSITDCRETGNCIMRMIR<unk>RAAHRCALQRLIRWKO<unk><unk>NOLMKKIRM,48,3.924741990893844,70.50639986991882,0.5477036237716675,True,0
L3_MATCHED_1x,1.0,0.20000473771072358,16,SSHKAHTEAQV,SSHKAHTEAQVTORERGV<unk>DVBFMBR<unk>KBEKROFDOKRVAF<unk>KYVV,47,3.995899894950374,58.07376503944397,0.34133684635162354,True,1
L3_MATCHED_1x,1.0,0.20000473771072358,17,TVEKGGKHKTG,TVEKGGKHKTGGMPYBIRITWKOWOWCMOOEMWDBBWLPOLORUHWSO,37,3.7859118936544336,48.690807819366455,0.10129086673259735,True,1
L3_MATCHED_1x,1.0,0.20000473771072358,18,TTKTYFPHFDL,TTKTYFPHFDLNHYWAMMBAMMVWGWCRYMWILMUYUFDMUMIUR,34,3.5946720323631784,66.13596081733704,0.455635666847229,True,0
L3_MATCHED_1x,1.0,0.20000473771072358,19,GLAHLDNLKGTFAT,GLAHLDNLKGTFATRCOOFMHLOWRBPRWYWGNYFSKNOIBMQVUF,32,4.054229296672175,48.38214814662933,0.15636876225471497,True,1
L3_MATCHED_1x,1.0,0.20000473771072358,20,SRNLCNIPCSALLSS,SRNLCNIPCSALLSSFYYAWNVATHCIRNDURORTCGPGRERNTY,30,3.8444138295776114,44.09882426261902,0.23150411248207092,True,1
L3_MATCHED_1x,1.0,0.20000473771072358,21,NVTADKDGVADVS,NVTADKDGVADVSHTEKWKYURUWTHRYEOKBRVUORKKACKBWMWU,34,3.572469458770135,51.86296105384827,0.23019972443580627,True,1
L3_MATCHED_1x,1.0,0.20000473771072358,22,EVEPSDTIENVK,EVEPSDTIENVKGGNHF<unk>AMGUTCRORYDBG<unk>CPQFBNBUF<unk>AILY,46,4.365209510075616,45.562195777893066,0.11891971528530121,True,1
L3_MATCHED_1x,1.0,0.20000473771072358,23,YDSLDAVRRCA,YDSLDAVRRCAHWOOWMEBWWWMCTEMW<unk>RDIVOSETKNWRSLVTMWG,41,4.0828041386061225,67.93811917304993,0.5137831568717957,True,0
L3_MATCHED_1x,1.0,0.20000473771072358,24,DGEWQLVLNV,DGEWQLVLNVEMOTUCNOEQKURCTGFMWSUTHO<unk>WCBE<unk>TRMAFVM,45,4.358085318359589,38.97610902786255,0.09778368473052979,True,1
L3_MATCHED_1x,1.0,0.20000473771072358,25,DGNILGHKLEYNYNS,DGNILGHKLEYNYNSLO<unk>UUPNSUSOUWRIWRRHRNHKROOURBGLSW,37,3.841096866085959,49.008288979530334,0.19560837745666504,True,1
L3_MATCHED_1x,1.0,0.20000473771072358,26,TSICSLYQLENYC,TSICSLYQLENYCMNRFEEDRORNRWGLRWGNBMEOIESVWNLS,31,3.58759863372235,51.5217661857605,0.28962796926498413,True,1
L3_MATCHED_1x,1.0,0.20000473771072358,27,RVQPSLGKETAAA,RVQPSLGKETAAANEWTWMOKUCOBGBBOOVVYWRNTOWOBRODIMRW,35,3.6431112332020086,46.67081534862518,0.12726086378097534,True,1
L3_MATCHED_1x,1.0,0.20000473771072358,28,INYTSGFRNSDR,INYTSGFRNSDRMMOIWERY<unk>YKNIBWBRFNWRGTRCMQLGERBR,37,4.134468568039292,44.12558078765869,0.14778125286102295,True,1
L3_MATCHED_1x,1.0,0.20000473771072358,29,KEERADLIAYLKKA,KEERADLIAYLKKAFUEOKDSWPSMOVGOKBO<unk>MHTRUYMPQECWYQ,37,4.432294243948856,55.15735745429993,0.30306053161621094,True,1
L3_MATCHED_1x,1.0,0.20000473771072358,30,LHAHKLRVDP,LHAHKLRVDPOOCRWUOIRFYMWTETTROELO<unk>VCMETQOWUKW,38,4.010570934268483,51.061034202575684,0.10175873339176178,True,1
L3_MATCHED_1x,1.0,0.20000473771072358,31,VHLTPEEKSAVT,VHLTPEEKSAVTPI<unk>LSNDINF<unk>KIBRNEQWIRFTNNTMBMKTLOU,42,4.288400090002563,56.25385046005249,0.33344876766204834,True,1
L3_MATCHED_1x,1.0,0.20000473771072358,32,CSALLSSDITASV,CSALLSSDITASVEWTWGNCRVTMU<unk>WWAMRWWDCERHRYLSVTIIR,38,4.145972171840238,54.79971170425415,0.33557936549186707,True,1
L3_MATCHED_1x,1.0,0.20000473771072358,33,KDGVADVSIED,KDGVADVSIEDMOFRLCNRRRSBAOAVKW<unk>IRYTOWMSFELOSHWM,39,4.262984193710269,61.064696311950684,0.3387056589126587,True,0
L3_MATCHED_1x,1.0,0.20000473771072358,34,GRTLSDYNIQKE,GRTLSDYNIQKEUYOYBNBEEAPL<unk>PBUWBOLRQMW<unk>UR<unk>ROWNRIDL,48,4.1934210940655055,51.3213574886322,0.26709848642349243,True,1
L3_MATCHED_1x,1.0,0.20000473771072358,35,LQQKRWDEAAVNL,LQQKRWDEAAVNLLUVFWEENWMMMOLN<unk>ORYEELGRKBNAUFTTM,37,4.195675662809303,66.25165939331055,0.4764786958694458,True,0
L3_MATCHED_1x,1.0,0.20000473771072358,36,LKKHGATVLTALG,LKKHGATVLTALG<unk>FSWWOKOERMWYRYRK<unk>MGOEKSI<unk>CI<unk>IIFCR,50,3.9985629396449167,43.14589500427246,0.19727367162704468,True,1
L3_MATCHED_1x,1.0,0.20000473771072358,37,VYIMADKQKNG,VYIMADKQKNGDMLOWWLLKMWKRFNRBHRVRVWEHREMMMWN,32,3.4505059710789405,52.50602960586548,0.30363279581069946,True,1
L3_MATCHED_1x,1.0,0.20000473771072358,38,GQVELGGGPGAGSL,GQVELGGGPGAGSLDLSNLUHE<unk>UEQYFTRFUOREOEMLWOOSKMOA,37,4.206225920256957,54.392457008361816,0.14693212509155273,True,1
L3_MATCHED_1x,1.0,0.20000473771072358,39,KFERQHMDSSTSAA,KFERQHMDSSTSAAIPWBW<unk>WWVHEWCWILGFEN<unk>CVRRBORLIM,39,4.131054782742918,47.24186956882477,0.2510402202606201,True,1
L3_MATCHED_1x,1.0,0.20000473771072358,40,ILYSSDWLIYKTT,ILYSSDWLIYKTTIGWRILCONWUWHOURWPRK<unk>HBOYLSTMLGTO,37,4.249729716863357,50.98043084144592,0.20535744726657867,True,1
L3_MATCHED_1x,1.0,0.20000473771072358,41,TVEKGGKHKTGPN,TVEKGGKHKTGPNLBOMIDRRUUFBTBGOLWBNBGQUWFMRWMUW,32,3.590018266288633,47.64151871204376,0.12248026579618454,True,1
L3_MATCHED_1x,1.0,0.20000473771072358,42,NAVAHVDDMPNALSA,NAVAHVDDMPNALSAFNLEOBRORGWBRTLLNFRHWFSWIIUDBIHO,32,3.73345859334435,47.547292709350586,0.15344496071338654,True,1
L3_MATCHED_1x,1.0,0.20000473771072358,43,LGRLLVVYPWTQRF,LGRLLVVYPWTQRFNYDQBWYLWYTRR<unk>EVEDBWIP<unk>MYQOGYWOTN,41,4.245121749144015,43.35490167140961,0.12989917397499084,True,1
L3_MATCHED_1x,1.0,0.20000473771072358,44,CSALLSSDITASV,CSALLSSDITASVHPNKPTNNRWEVRRTBWTMWQPSFFFWOWOOS,32,3.6831573285181993,50.99818706512451,0.10353793203830719,True,1
L3_MATCHED_1x,1.0,0.20000473771072358,45,AVCVLKGDGPVQGII,AVCVLKGDGPVQGIIGWVBQYBWTCBVQAWYEWNUROMENEFOWQTA,32,3.8164280318460246,49.920207262039185,0.31697118282318115,True,1
L3_MATCHED_1x,1.0,0.20000473771072358,46,VKAKIQDKEGIP,VKAKIQDKEGIPGRQNWOOT<unk>RNGNWBTHOIGRYIDOROLWELOR<unk>,42,4.0260298517012805,48.1407105922699,0.21188299357891083,True,1
L3_MATCHED_1x,1.0,0.20000473771072358,47,NSLRMLQQKR,NSLRMLQQKRYTLPRNUOIUURKSTINS<unk><unk>TP<unk>PGQRRCKONADANM,49,4.307789435598724,51.235395669937134,0.12905345857143402,True,1
L3_MATCHED_1x,1.0,0.20000473771072358,48,LFRKDMASNYKEL,LFRKDMASNYKELO<unk>FUQHRLTPKKBE<unk>DYKIOOAIPNRVGFA,38,4.471354487013929,56.9155216217041,0.18673759698867798,True,1
L3_MATCHED_1x,1.0,0.20000473771072358,49,QSALSKDPNEKRDHM,QSALSKDPNEKRDHMSWUTEORWRKTRRBTLONHNKNWRROITGFC,31,3.6711499390701867,56.29114508628845,0.3395249843597412,True,1
L3_MATCHED_2x,2.0,0.40000947542144716,0,QPLALEGSLQKRGI,QPLALEGSLQKRGIMRRORRMARBPONWNRRTIFOMCMONURWALK<unk>W,38,3.892407118592877,51.19556188583374,0.15947915613651276,True,1
L3_MATCHED_2x,2.0,0.40000947542144716,1,DSSTSAASSSNYCN,DSSTSAASSSNYCNTQURBSDMSRMWMKMFMTWWCLRWRDQYDNDG,32,3.6996987351738495,60.783547163009644,0.380964994430542,True,0
L3_MATCHED_2x,2.0,0.40000947542144716,2,LKKRLSWISVCLLV,LKKRLSWISVCLLVRRSMUUNGEGRTLESGRPNEBNONKURCYK,30,3.6444138295776116,46.53424024581909,0.19738507270812988,True,1
L3_MATCHED_2x,2.0,0.40000947542144716,3,LHGLFGRKTGQAPGY,LHGLFGRKTGQAPGYB<unk>WARLKWQOWCVRRYMKKTYUC<unk>EQIICQ<unk>,43,4.227453707687338,52.46392488479614,0.3120933771133423,True,1
L3_MATCHED_2x,2.0,0.40000947542144716,4,FPHFDLSHGSAQVKG,FPHFDLSHGSAQVKGATK<unk>VTMBA<unk>TMBC<unk>WYAMRFTIKEGFWTM,42,4.0556753873640545,45.688122510910034,0.19786597788333893,True,1
L3_MATCHED_2x,2.0,0.40000947542144716,5,LGRLLVVYPWT,LGRLLVVYPWTIEYWLAWRHDWFDHPDRBCCFCUSNREUGYMFWQU,35,4.050013373778756,43.27529966831207,0.2031935751438141,True,1
L3_MATCHED_2x,2.0,0.40000947542144716,6,AWRNRCKGTDVQAW,AWRNRCKGTDVQAWKCEWEUCDEWQWMBAMWINWNRNIPPRMK,29,3.6209360647507713,43.099477887153625,0.2308456301689148,True,1
L3_MATCHED_2x,2.0,0.40000947542144716,7,CVLKGDGPVQGI,CVLKGDGPVQGIRNKYLWGRWWYWITCTDQUWTOTEDP<unk><unk>PFRRL,41,4.245121749144015,38.214099407196045,0.10360698401927948,True,1
L3_MATCHED_2x,2.0,0.40000947542144716,8,IFVKTLTGKTIT,IFVKTLTGKTITKWWONHWC<unk>MNGLKFMLWMLRN<unk>ROHVVQOQVMGY,43,4.146740335896194,55.369555950164795,0.41366153955459595,True,1
L3_MATCHED_2x,2.0,0.40000947542144716,9,IDERLRLKIYKDTE,IDERLRLKIYKDTEAOISNRIUWL<unk>ONFDBSDIBUANKBFNYKNGB,36,4.104243668758971,50.342124700546265,0.1857277750968933,True,1
L3_MATCHED_2x,2.0,0.40000947542144716,10,FISECIIQVLQ,FISECIIQVLQRAOFHRLFRTIRVMQ<unk>L<unk>BKCGWNLBWO<unk>RMNPFC<unk>T,53,4.310572992699732,65.38748145103455,0.48557049036026,True,0
L3_MATCHED_2x,2.0,0.40000947542144716,11,DGDVNGHKFS,DGDVNGHKFSAR<unk>TWNTWCTB<unk>RRWEWORU<unk>LOUWRKOMEBM<unk>GRO,52,4.010549276200185,54.47177290916443,0.24801087379455566,True,1
L3_MATCHED_2x,2.0,0.40000947542144716,12,GSLQPLALEGSL,GSLQPLALEGSLROWROTWLOIYRNP<unk>STURMVOAUNEUNHP<unk>CTNE,43,4.274874638322402,49.290359020233154,0.10578706860542297,True,1
L3_MATCHED_2x,2.0,0.40000947542144716,13,NCAYKTTQANK,NCAYKTTQANKOMHTSWWCMSOORAVW<unk>GVPWWOFI<unk>NOIYWUIRL,43,4.266397243517744,43.35693120956421,0.15782210230827332,True,1
L3_MATCHED_2x,2.0,0.40000947542144716,14,KRLSWISVCLLV,KRLSWISVCLLVRLLIRMOFARTMIBWOLNW<unk>UEKERNYQMCSDBG,38,4.4713544870139295,72.64460325241089,0.53327476978302,True,0
L3_MATCHED_2x,2.0,0.40000947542144716,15,IIWGEDTLMEY,IIWGEDTLMEYRSVONOMUEYSMHSVOTTQNLRNMWSEWAPENYBLGG,37,4.013111135723804,49.48543310165405,0.23335930705070496,True,1
L3_MATCHED_2x,2.0,0.40000947542144716,16,GEYGAEALERMFL,GEYGAEALERMFLCVLPMTMYKBW<unk>RLWKURHWIOBFBTVSRSGHFR,38,4.366091329119192,45.266786217689514,0.15987351536750793,True,1
L3_MATCHED_2x,2.0,0.40000947542144716,17,TPEEKSAVTALWGK,TPEEKSAVTALWGKEBOSIKHDMRBICBWUYIGKPNNRFWRWWOK<unk>VD,38,4.378991986900062,48.914703726768494,0.18849918246269226,True,1
L3_MATCHED_2x,2.0,0.40000947542144716,18,GSRNLCNIPCSAL,GSRNLCNIPCSALAFRHWBDQRELNSHWEOOWO<unk><unk>IQVVWRETAT,40,4.265311532225103,55.435776710510254,0.3757750988006592,True,1
L3_MATCHED_2x,2.0,0.40000947542144716,19,GFHVHEFGDNT,GFHVHEFGDNTHGVHEW<unk>LRK<unk>HDSRYMWQNOTTTMBKE<unk>TE,43,4.280120277605719,45.9883987903595,0.1935153305530548,True,1
L3_MATCHED_2x,2.0,0.40000947542144716,20,YNIQKESTLHLVLR,YNIQKESTLHLVLRNIMROSEASO<unk>RYSPU<unk>OQGMO<unk>RPHWLRWM<unk>,48,4.136842188131012,56.26973509788513,0.31666597723960876,True,1
L3_MATCHED_2x,2.0,0.40000947542144716,21,TIGIGHLLTKSPSLN,TIGIGHLLTKSPSLNYTN<unk>OVHID<unk>BMYOKKNDRRWBOYEVIBMOTG,40,4.234183719779189,46.95582985877991,0.11757701635360718,True,1
L3_MATCHED_2x,2.0,0.40000947542144716,22,GEWQLVLNVW,GEWQLVLNVWPGDWPHGWVMKQFROHNOOOWYY<unk>RSFUPPOWAPUR<unk>E,46,4.306732207121424,41.660577058792114,0.12452678382396698,True,1
L3_MATCHED_2x,2.0,0.40000947542144716,23,HDFFKSAMPEGYVQE,HDFFKSAMPEGYVQENTISKWYNRROAEIQHRUIMTWOGRHQWTIWRN<unk>,38,4.113206053476119,57.87714719772339,0.3593711256980896,True,1
L3_MATCHED_2x,2.0,0.40000947542144716,24,VCGERGFFYTPKTR,VCGERGFFYTPKTROPUFTONYRGHQREHNQKQAWOCIFUVWOWWB,32,4.038909765557392,45.79594135284424,0.10150745511054993,True,1
L3_MATCHED_2x,2.0,0.40000947542144716,25,AASSSNYCNQ,AASSSNYCNQY<unk>ISWTRIEK<unk><unk>IRBROUEPINOREYAURWORL,45,4.096431151452537,51.89129710197449,0.16109126806259155,True,1
L3_MATCHED_2x,2.0,0.40000947542144716,26,WREADINYTS,WREADINYTSKWQWNNILBGWPONKKERBR<unk>NBGORBQGRYEPOSOT,41,4.0828041386061225,46.13277614116669,0.1342034935951233,True,1
L3_MATCHED_2x,2.0,0.40000947542144716,27,GEDTLMEYLE,GEDTLMEYLEVKPWUCRMLRMKABWWUNRROKYOBLKMIRBMNWNWRW,38,3.602418960470406,52.29460000991821,0.29365861415863037,True,1
L3_MATCHED_2x,2.0,0.40000947542144716,28,VNFKLLSHCLLVTL,VNFKLLSHCLLVTLSROWMVHAIVCEMFNAHUIG<unk>KDHWATWPIMNW,37,4.371087149178845,58.168864250183105,0.4344446361064911,True,1
L3_MATCHED_2x,2.0,0.40000947542144716,29,GGEALGRLLVVYP,GGEALGRLLVVYPNRIIWGWQTUTNSARAEWKEUACMVVTLRNWQNO,34,3.90320806164768,43.76184344291687,0.11740534007549286,True,1
L3_MATCHED_2x,2.0,0.40000947542144716,30,AAAMKRHGLDNYRGY,AAAMKRHGLDNYRGYRFHIMGKDL<unk>E<unk>KKWWTKBFB<unk>WMWRLMKMNL,44,4.04718240301417,46.19542062282562,0.2720823287963867,True,1
L3_MATCHED_2x,2.0,0.40000947542144716,31,EDSVISLSGDHC,EDSVISLSGDHCLTUNEAWUMNTYYRTGFLKTYKOUERFSS<unk>USQBN,39,4.252974975106084,48.04005324840546,0.17267873883247375,True,1
L3_MATCHED_2x,2.0,0.40000947542144716,32,LRLRGGMQIFV,LRLRGGMQIFVKFWLDNNVSRWFUTMSKUQTBOOTBFEMESLMW,33,3.8997141947882312,42.072463035583496,0.15587440133094788,True,1
L3_MATCHED_2x,2.0,0.40000947542144716,33,ETGVAGFTNSLRMLQ,ETGVAGFTNSLRMLQRAUABRWWORNRAWWYRWUSOSTATUGTURU,31,3.164391682794487,59.665435552597046,0.36421671509742737,True,1
L3_MATCHED_2x,2.0,0.40000947542144716,34,KKGHHEAEIKPLAQ,KKGHHEAEIKPLAQKFRIEIGSONOSYGUDNNKSIUKCBWREVWIOB,33,3.861983513035609,44.8571115732193,0.22027862071990967,True,1
L3_MATCHED_2x,2.0,0.40000947542144716,35,VPILVELDGDV,VPILVELDGDVMVKTRGNKORRSMWOTOLMLWALRUWRHOOE<unk>WHKB,40,4.084829508503262,54.43596839904785,0.3057870864868164,True,1
L3_MATCHED_2x,2.0,0.40000947542144716,36,VNQHLCGSHLVE,VNQHLCGSHLVEBBCEBLNKOKAGTKHARFUOTONGFFV<unk>UVB,35,4.150292659616669,50.719159841537476,0.16788774728775024,True,1
L3_MATCHED_2x,2.0,0.40000947542144716,37,ALKSLVLLSL,ALKSLVLLSLA<unk>CWBFRS<unk>FEPNWKWFWEKR<unk>YHEVWRSUYHU,45,4.166325529846462,65.79893827438354,0.3284292221069336,True,0
L3_MATCHED_2x,2.0,0.40000947542144716,38,HKAHTEAQVINT,HKAHTEAQVINTTUKTRRKNNCEKFCWVLSHBOWSOWTWOIVTRYB,34,3.90320806164768,48.45668375492096,0.18726256489753723,True,1
L3_MATCHED_2x,2.0,0.40000947542144716,39,NKGIIWGEDT,NKGIIWGEDTYOSOOHWTNASRO<unk>EGENEGFBVFFRCYVOKBKGMUP,41,4.385008029473518,43.87708306312561,0.11864294856786728,True,1
L3_MATCHED_2x,2.0,0.40000947542144716,40,PVNFKLLSHCLLVT,PVNFKLLSHCLLVT<unk>WAHFEEHIRRTERUFIFTY<unk>YBMIANUPUU<unk>E,45,4.113206429278391,75.0169038772583,0.5380774736404419,True,0
L3_MATCHED_2x,2.0,0.40000947542144716,41,RLLVVYPWTQRF,RLLVVYPWTQRFIRNNAARI<unk>PGWWUNIONRMRWORRMNLRGPLO,37,3.7087564079173165,47.19371795654297,0.23535166680812836,True,1
L3_MATCHED_2x,2.0,0.40000947542144716,42,WVAWRNRCKGTDVQA,WVAWRNRCKGTDVQADIWWSOYOBBLQWNWMWRBTE<unk>URWWGIMEQD,36,4.103081335982126,48.57948422431946,0.2898995876312256,True,1
L3_MATCHED_2x,2.0,0.40000947542144716,43,ERHVGDLGNVTADK,ERHVGDLGNVTADKFAWNKBWOGGWNLYORYTROLWNUVNWAEOKHARL,35,3.7614457889184743,41.54569208621979,0.14658351242542267,True,1
L3_MATCHED_2x,2.0,0.40000947542144716,44,DGRTLSDYNIQKE,DGRTLSDYNIQKEUM<unk>TYOOBOHHEBRPQKHHEH<unk>MWUSNMBL<unk>HOR,46,4.158475270851117,53.876304626464844,0.1772363781929016,True,1
L3_MATCHED_2x,2.0,0.40000947542144716,45,WYNQTPNRAKRV,WYNQTPNRAKRVYBWFWTEOFUWTOAWRNVQSEPEWHSKIKLMFWN,34,4.057476076289931,56.89437389373779,0.3952399790287018,True,1
L3_MATCHED_2x,2.0,0.40000947542144716,46,ASEDLKKHGATV,ASEDLKKHGATV<unk>EAFAOQHEBBVYORFWAYLIMYMSTBRPNWNN,37,4.371087149178845,64.12877440452576,0.42034995555877686,True,0
L3_MATCHED_2x,2.0,0.40000947542144716,47,GIDFKEDGNILG,GIDFKEDGNILGYWL<unk>AGGRUUWE<unk>KTOHOPADIEWBRYRRW,38,4.247927513443585,47.78984785079956,0.17504557967185974,True,1
L3_MATCHED_2x,2.0,0.40000947542144716,48,YTPKTRREAE,YTPKTRREAEWACORPRSRMCLLHYWOBENOORU<unk>ESDAOYIQENWUU,42,4.3000721137090645,48.71272146701813,0.2592516243457794,True,1
L3_MATCHED_2x,2.0,0.40000947542144716,49,MKSRNLTKDRCK,MKSRNLTKDRCKCALBYKSM<unk>CPLRVTPAIRPUEYRBERKLIH,35,4.229003731107054,48.55653643608093,0.10909268260002136,True,1
L3_MATCHED_4x,4.0,0.8000189508428943,0,TKSEAQALGWVASK,TKSEAQALGWVASKURIFAYORIBWWBFRFORLARQFQBIHCMLFMP,33,3.688968181382679,71.74637913703918,0.532518208026886,True,0
L3_MATCHED_4x,4.0,0.8000189508428943,1,YTAANKNKGII,YTAANKNKGIIOQHIWILDNR<unk>FAMNNPUWRBM<unk>W<unk>WEUR<unk>KUBF,50,4.2385629396449165,45.831623673439026,0.18344247341156006,True,1
L3_MATCHED_4x,4.0,0.8000189508428943,2,KKVADALTNAVAHVD,KKVADALTNAVAHVDRMRA<unk>RQGTRRNLRKSRNRQRRTTOKNOD<unk>C,39,3.779528989293003,74.80144500732422,0.565247654914856,True,0
L3_MATCHED_4x,4.0,0.8000189508428943,3,RLLVVYPWTQRFF,RLLVVYPWTQRFFSMNOVFRDIWUWHSPKUNWDIKANMVWBTWTU,32,3.902518266288633,47.72402346134186,0.11604072153568268,True,1
L3_MATCHED_4x,4.0,0.8000189508428943,4,TDYGILQINSRWWC,TDYGILQINSRWWCSWWRUWAWGEDRLGRAHM<unk>WTBKTHWNALYYQRB,38,4.188331131693838,44.02337670326233,0.17253071069717407,True,1
L3_MATCHED_4x,4.0,0.8000189508428943,5,GVADVSIEDSVIS,GVADVSIEDSVISBRRL<unk>ROFBRQT<unk>IOFKEURBTRR<unk><unk>WOBDKWR,49,3.8850182624384026,66.58836603164673,0.4602819085121155,True,0
L3_MATCHED_4x,4.0,0.8000189508428943,6,RTLSDYNIQKESTL,RTLSDYNIQKESTLUWNGVNPOFGSLWEE<unk>COEWENBBOVEF<unk>CNM,40,4.093942707918269,48.04635047912598,0.12933394312858582,True,1
L3_MATCHED_4x,4.0,0.8000189508428943,7,IFEMLRIDERLRL,IFEMLRIDERLRLFWNBHLU<unk>BNQANNRRAKWQOBYORNK<unk>B,37,4.010412068964078,63.7803852558136,0.4254497289657593,True,0
L3_MATCHED_4x,4.0,0.8000189508428943,8,GATVLTALGG,GATVLTALGGKRYHBMTRLFTWMRTEWBVR<unk>DYMTWP<unk>MMBQIIMMT,45,4.096944208925964,45.452338457107544,0.18245315551757812,True,1
L3_MATCHED_4x,4.0,0.8000189508428943,9,KQKNGIKVNFKIR,KQKNGIKVNFKIRVYWWRHWKWOQHRBVGWRANKRISRTNONAHE,32,3.7272170014624826,43.8785195350647,0.15393662452697754,True,1
L3_MATCHED_4x,4.0,0.8000189508428943,10,PDPAAAFVNQHLCG,PDPAAAFVNQHLCGNPRPTRCKMWTOFKWHIHOKRRQKBWPFHVCT<unk><unk>Q,43,4.193251963803171,47.009143233299255,0.18797290325164795,True,1
L3_MATCHED_4x,4.0,0.8000189508428943,11,CKPVNTFVHES,CKPVNTFVHESEWNOOOPEBNDEBMFOIUWNKLBTOGWITMOCVNF,35,3.821441945207328,54.39309477806091,0.2390202283859253,True,1
L3_MATCHED_4x,4.0,0.8000189508428943,12,KSIGGDIFSNREGK,KSIGGDIFSNREGKOMRRKDIBKRNBLKUO<unk>NWOEWMGAHDYIOCOS,37,4.3143340283650655,46.741607785224915,0.1961899697780609,True,1
L3_MATCHED_4x,4.0,0.8000189508428943,13,PGYSYTAANKNKGI,PGYSYTAANKNKGINBWNKRELORRWNTGNWRRIEMNWWNQO<unk>YCCSQ,38,4.018215514675149,45.045673847198486,0.18703366816043854,True,1
L3_MATCHED_4x,4.0,0.8000189508428943,14,PAVHASLDKFLASVS,PAVHASLDKFLASVS<unk>CRWQOBCSUEW<unk>EICIAAFFPOUWIDYQFWVR,41,4.277926089825635,47.83138036727905,0.2518821954727173,True,1
L3_MATCHED_4x,4.0,0.8000189508428943,15,CDKLHVDPENF,CDKLHVDPENFWUIHORGEWMOWUQOROTIRLOWDYGWOTYOLY<unk>,38,3.9118511994128755,46.26762270927429,0.12609872221946716,True,1
L3_MATCHED_4x,4.0,0.8000189508428943,16,MKRHGLDNYRGYS,MKRHGLDNYRGYSIUARKWRWY<unk>RUCYSOYWPWANONQNNKKTMM,36,4.107017709595357,42.800354957580566,0.1192421093583107,True,1
L3_MATCHED_4x,4.0,0.8000189508428943,17,TLVVHEKADDLGKG,TLVVHEKADDLGKGBBKWFRTRBBHLWNBRTSO<unk>CSVLGUEPRLMUHQM,39,4.352978424590447,46.107086539268494,0.10388054698705673,True,1
L3_MATCHED_4x,4.0,0.8000189508428943,18,IPPDQQRLIFAGKQL,IPPDQQRLIFAGKQLNOIKOQOYLRRSTPTOBNIFRPHEOYUNREOME,33,3.8013774524295485,55.06897568702698,0.27186107635498047,True,1
L3_MATCHED_4x,4.0,0.8000189508428943,19,QDVDAAVRGILRNA,QDVDAAVRGILRNAWUQBFF<unk>VKOTQWHQ<unk>HHTAOOEKUR<unk>AN,41,4.137086150537407,72.67371416091919,0.5199106335639954,True,0
L3_MATCHED_4x,4.0,0.8000189508428943,20,SECIIQVLQSKHPG,SECIIQVLQSKHPGONSHNBALBFAOBLORBVNOLPSEQRBRRORB,32,3.3675365325772657,51.63909196853638,0.17015083134174347,True,1
L3_MATCHED_4x,4.0,0.8000189508428943,21,VTTFSYGVQCFSRYP,VTTFSYGVQCFSRYPBGOYRAIWRPWNWTIISCTCNBBWUHRHOVB,31,3.808719697344071,42.640307545661926,0.12550796568393707,True,1
L3_MATCHED_4x,4.0,0.8000189508428943,22,QCCTSICSLY,QCCTSICSLY<unk>YRONBWT<unk>EUUREE<unk>YCRITDKUWQUTQNNRNRU,47,4.05451452265598,59.78559851646423,0.39332765340805054,True,1
L3_MATCHED_4x,4.0,0.8000189508428943,23,ACEGNPYVPV,ACEGNPYVPVNDAPVUDGMFDCNPBVBUBRWFILRTWIHWTRWRHF,36,3.9403510429286897,50.24273991584778,0.30799049139022827,True,1
L3_MATCHED_4x,4.0,0.8000189508428943,24,WISVCLLVLVSAAG,WISVCLLVLVSAAGYBFRO<unk>KQRRRTOW<unk>U<unk>MNRBMRWROOO<unk>GE,47,3.9107351297874238,67.0373260974884,0.3626549243927002,True,0
L3_MATCHED_4x,4.0,0.8000189508428943,25,EKGKKIFIMK,EKGKKIFIMKHMNWIFN<unk>WBLUWRHNFBREL<unk><unk>WIRRVLRFU,44,3.9674147892794664,66.54276847839355,0.4345017075538635,True,0
L3_MATCHED_4x,4.0,0.8000189508428943,26,HKLRVDPVNFKLLS,HKLRVDPVNFKLLS<unk>NDEORWBYGYSEBKNQQMNQENHOKCYB<unk>UM<unk>,45,4.22976448478587,51.604849100112915,0.269497275352478,True,1
L3_MATCHED_4x,4.0,0.8000189508428943,27,ELHCDKLHVDPENF,ELHCDKLHVDPENFHNAORO<unk>FWVNNAOER<unk>KOQBGVROHSUTFVW,40,4.2250705203641825,52.076321840286255,0.14279913902282715,True,1
L3_MATCHED_4x,4.0,0.8000189508428943,28,VFGRCELAAAMK,VFGRCELAAAMKERSNWNVBW<unk>CNOCWPBERMROUWOBNFASOBIGWLW,41,4.1315846264110005,46.80482745170593,0.2144116759300232,True,1
L3_MATCHED_4x,4.0,0.8000189508428943,29,HVGDLGNVTADK,HVGDLGNVTADK<unk>ROWLULFEPW<unk>REHKWDMUEHQDMRKEWOLVGRY,43,4.245918533721552,46.974337100982666,0.14532195031642914,True,1
L3_MATCHED_4x,4.0,0.8000189508428943,30,LIFAGKQLEDGRTLS,LIFAGKQLEDGRTLSWDQHORNQRYERIABWMMBASDN<unk>K<unk>OR,36,4.2254805569978675,51.51674747467041,0.266486257314682,True,1
L3_MATCHED_4x,4.0,0.8000189508428943,31,AIGRNCNGVITKDE,AIGRNCNGVITKDENNLEPR<unk>ELTMYDROMRBLGWWSATPWNSWORNNF,39,4.147850219462241,50.147074460983276,0.2235683798789978,True,1
L3_MATCHED_4x,4.0,0.8000189508428943,32,TALGGILKKKGHHE,TALGGILKKKGHHEQRQBYVWAIMRWSTDNRBCWYRWKSIW<unk>GMIO,36,4.215354779870082,46.203142404556274,0.20949645340442657,True,1
L3_MATCHED_4x,4.0,0.8000189508428943,33,PVPWPTLVTTFSYG,PVPWPTLVTTFSYGNKD<unk>GDCWM<unk>RWRTSIWMQWHVMHVCDNPMCY,40,4.234183719779189,48.6805260181427,0.14729070663452148,True,1
L3_MATCHED_4x,4.0,0.8000189508428943,34,PLLALLALWGPDP,PLLALLALWGPDPIRI<unk>OTBEEEO<unk><unk>EFOIMMIMN<unk>UFVRCERKG,48,4.004247855285172,52.270060777664185,0.28858768939971924,True,1
L3_MATCHED_4x,4.0,0.8000189508428943,35,LSLLVLVLLLVR,LSLLVLVLLLVRBBLOIWRVKBUBUHUILFRBW<unk><unk><unk>IUQWVYDME,45,4.183100807672317,75.79482793807983,0.48156964778900146,True,0
L3_MATCHED_4x,4.0,0.8000189508428943,36,FSTAAKTETSSHKA,FSTAAKTETSSHKAEDEMVBTRFEBGEBKURCBFRRMHQUUGWWMVS,33,3.7865221495303647,47.64738380908966,0.11401000618934631,True,1
L3_MATCHED_4x,4.0,0.8000189508428943,37,LHGLFGRKTGQAP,LHGLFGRKTGQAPTA<unk>SKNLWARADAMKBBLRRM<unk>QHLOAERBF,39,4.179776180945229,59.79927182197571,0.37716782093048096,True,1
L3_MATCHED_4x,4.0,0.8000189508428943,38,AHVDDMPNALSA,AHVDDMPNALSATRFRVQ<unk>FLRPLGOIMRBWRQUNRN<unk>KME<unk>YEPF,46,4.305320651332932,51.16668939590454,0.12630890309810638,True,1
L3_MATCHED_4x,4.0,0.8000189508428943,39,FATLSELHCDK,FATLSELHCDKBWUR<unk>TOMRMYNCNEANTETWEGEMWWHWYURTFBCI,41,4.141105590449127,46.56236171722412,0.2612432837486267,True,1
L3_MATCHED_4x,4.0,0.8000189508428943,40,KKIVSDGNGMNAW,KKIVSDGNGMNAW<unk>RRLIRMLIGORROOOQOEYRRNRW<unk>SQTRBTF,41,3.939528456144483,64.67750668525696,0.46182170510292053,True,0
L3_MATCHED_4x,4.0,0.8000189508428943,41,VHEKADDLGK,VHEKADDLGKWWCWWWBBFBEWRBYCAVWHMDITLWQGPRE<unk>OLVEY,41,4.217188894809219,40.0701642036438,0.13928967714309692,True,1
L3_MATCHED_4x,4.0,0.8000189508428943,42,IQDKEGIPPDQQRLI,IQDKEGIPPDQQRLIQWLOTMOW<unk>SLOTIRWUPRNWOLUCH<unk>,35,4.0791433740260095,56.918251514434814,0.3349149227142334,True,1
L3_MATCHED_4x,4.0,0.8000189508428943,43,LFNQDVDAAVRG,LFNQDVDAAVRGBKOBFDUBD<unk>RURPEAKGIHNATWKNIWRFBEONE,39,4.233618885307021,49.301689863204956,0.1451391577720642,True,1
L3_MATCHED_4x,4.0,0.8000189508428943,44,GLSDGEWQLVLNVWG,GLSDGEWQLVLNVWGREKRYTTAWBEQUYOHEHYABLORRNC<unk>K<unk>NWL,41,4.247557492317426,54.54394221305847,0.24668991565704346,True,1
L3_MATCHED_4x,4.0,0.8000189508428943,45,TGKLPVPWPTLV,TGKLPVPWPTLVKBRKYYWSDNPDKBSKQKMERNROYPNNFVBGK,33,3.717896012970049,47.539159655570984,0.11102534085512161,True,1
L3_MATCHED_4x,4.0,0.8000189508428943,46,LPLLALLALWGPDP,LPLLALLALWGPDPKTKHYQKBRNRON<unk>HLOKVOGS<unk>RIKWEW,37,4.206225920256957,55.487263202667236,0.19644254446029663,True,1
L3_MATCHED_4x,4.0,0.8000189508428943,47,CKNGQTNCYQSYST,CKNGQTNCYQSYSTTKYRAYQWUPUEWGUOMETW<unk>CQOBI<unk>RWFWFO,41,4.305858944160431,40.43586850166321,0.10532649606466293,True,1
L3_MATCHED_4x,4.0,0.8000189508428943,48,CLLVLVSAAGM,CLLVLVSAAGMDMWIERLIEMIIUDQKQWVRK<unk>KNRWTIBWULDS,38,4.0933405928928694,52.14041471481323,0.3062726855278015,True,1
L3_MATCHED_4x,4.0,0.8000189508428943,49,GIKKKEERADLI,GIKKKEERADLIYO<unk>OGRGRMINLKOERT<unk>ODQMV<unk>OIO<unk>R<unk>EORRER,56,3.87688958664414,56.5280556678772,0.3356815576553345,True,1
L3_MATCHED_8x,8.0,1.6000379016857886,0,LLSHCLLVTLAA,LLSHCLLVTLAABPNTBAKNCIRIERFCEDBRMREQNGRKWWT<unk>RCI,39,4.12426856462778,43.388718366622925,0.18356919288635254,True,1
L3_MATCHED_8x,8.0,1.6000379016857886,1,PPVQAAYQKV,PPVQAAYQKVNNQREGORKKBGQODDGBNAORCEKAWA<unk>APOI<unk>,42,4.129947184477477,53.29031944274902,0.2004135698080063,True,1
L3_MATCHED_8x,8.0,1.6000379016857886,2,RTPGSRNLCNIP,RTPGSRNLCNIPLUOKLAMUG<unk>THPBOGIHYMSDRABFGRFYRBKW,38,4.398857447483311,49.98964965343475,0.14338117837905884,True,1
L3_MATCHED_8x,8.0,1.6000379016857886,3,GFHVHEFGDNT,GFHVHEFGDNTUWRNQLRIUYLRFOIN<unk>DORPSOKERWWFKDRSMP,39,4.182336834024969,50.11557936668396,0.2885468006134033,True,1
L3_MATCHED_8x,8.0,1.6000379016857886,4,KAKIQDKEGIPPDQ,KAKIQDKEGIPPDQORWIQRAKTAVWFWRNNNEWEKTRREBOIHWB,32,3.6022170014624826,50.69146752357483,0.24641256034374237,True,1
L3_MATCHED_8x,8.0,1.6000379016857886,5,LKIYKDTEGY,LKIYKDTEGY<unk>QHUWREOHGWVEYWHNQDKQAVHOWG<unk>WFKOLNW,43,4.193251963803171,45.537903904914856,0.17779238522052765,True,1
L3_MATCHED_8x,8.0,1.6000379016857886,6,LELFRKDMASNYK,LELFRKDMASNYKPUEB<unk>OLDTAIBDTDRPGNMPBSBQHERITUMY,37,4.337435460048129,54.01412844657898,0.15106715261936188,True,1
L3_MATCHED_8x,8.0,1.6000379016857886,7,RTIFFKDDGNY,RTIFFKDDGNYIPKEWBRRWSAKNKBMKET<unk>PBRPNI<unk>KEGUIBRVWB,45,4.108767963940175,46.296778321266174,0.1555061936378479,True,1
L3_MATCHED_8x,8.0,1.6000379016857886,8,ERGFFYTPKTRR,ERGFFYTPKTRRK<unk>BCFMPKQYSOIMOVWTBEFWGBWO<unk>WARMP,40,4.365311532225102,47.30678200721741,0.1949295848608017,True,1
L3_MATCHED_8x,8.0,1.6000379016857886,9,QSYSTMSITDC,QSYSTMSITDCKDBBHEWQT<unk>HKKBWQBTPVQTEMRWKAH<unk>LVGOQ,43,4.210807487109298,49.99724328517914,0.12795919179916382,True,1
L3_MATCHED_8x,8.0,1.6000379016857886,10,GNLADVAPGKSIG,GNLADVAPGKSIGRQAMERBCWDKNFDHBKBECLRAWEQMNRRFW,32,3.6914280318460246,49.06179904937744,0.30622953176498413,True,1
L3_MATCHED_8x,8.0,1.6000379016857886,11,GLFGRKTGQAPGYSY,GLFGRKTGQAPGYSYTBRENVPTAFVRBYASERRBBAHGQCECO,29,3.7714370294611257,49.31277334690094,0.25024038553237915,True,1
L3_MATCHED_8x,8.0,1.6000379016857886,12,EYGAEALERMF,EYGAEALERMFNGILODBMBUOAUOQUKKIIWMEHRREBWWRYAKEKY,37,3.931501676030456,70.00105381011963,0.4841020107269287,True,0
L3_MATCHED_8x,8.0,1.6000379016857886,13,NLKGTFATLSELHCD,NLKGTFATLSELHCDITFRALWHKWDOKSIHTIFIKBTPNNNU<unk>FRMM,37,4.2629790410707376,50.93793869018555,0.22471274435520172,True,1
L3_MATCHED_8x,8.0,1.6000379016857886,14,ALLSSDITASVNCAK,ALLSSDITASVNCAKQY<unk>OAWYTFENIEFVWKITOFARUFRCWRT,34,4.138502179294739,44.80980634689331,0.2781965732574463,True,1
L3_MATCHED_8x,8.0,1.6000379016857886,15,LGKGGNEESTKTG,LGKGGNEESTKTGTVVEAT<unk>BELUEBKKAWAQYKLRI<unk>AAGYYGLVKI,43,4.109306836490687,52.66256928443909,0.33258622884750366,True,1
L3_MATCHED_8x,8.0,1.6000379016857886,16,DKEGIPPDQQ,DKEGIPPDQQHRQETRRVDMWC<unk>UTEVOWOTRAR<unk>N<unk>EKQHFVQHQRF,50,4.197780939298761,56.469494104385376,0.3672858774662018,True,1
L3_MATCHED_8x,8.0,1.6000379016857886,17,KAIGRNCNGVITKDE,KAIGRNCNGVITKDEEQBKBKBNMAMWNDAFIWRILNKVELYBGVO,31,3.937751955408587,50.155043601989746,0.22389906644821167,True,1
L3_MATCHED_8x,8.0,1.6000379016857886,18,IPVKYLEFISECI,IPVKYLEFISECINTLYTWVGRDKOOHKENHNW<unk>EOWOIK<unk>ORARL<unk>,46,4.166961347493795,61.28593683242798,0.43310293555259705,True,0
L3_MATCHED_8x,8.0,1.6000379016857886,19,DFFKSAMPEGYVQ,DFFKSAMPEGYVQAWIOAKAPEOCKVWOAOVWVWTKENVIRRVTUT,33,3.4953209230322795,49.24081861972809,0.22515608370304108,True,1
L3_MATCHED_8x,8.0,1.6000379016857886,20,KTRREAEDLQVGQVE,KTRREAEDLQVGQVEVIRSHY<unk>NOATIRIAOOEBWRLRKKCEWKAAII,37,4.098117812148849,66.38774871826172,0.49677902460098267,True,0
L3_MATCHED_8x,8.0,1.6000379016857886,21,SSNYCNQMMK,SSNYCNQMMKRKANRAREQYRRAEOWAHNNRCHAEKKRBATQRN<unk>GNA,42,3.7549150434176415,72.68557548522949,0.5650242567062378,True,0
L3_MATCHED_8x,8.0,1.6000379016857886,22,ASKGNLADVAPGK,ASKGNLADVAPGK<unk>HV<unk>RRTAKQ<unk>CWQRWOFTRUYVRFNACYVAE,44,4.166389505237727,47.88457453250885,0.22885416448116302,True,1
L3_MATCHED_8x,8.0,1.6000379016857886,23,KKYIPGTKMIF,KKYIPGTKMIFIQROO<unk>A<unk>E<unk>WADLFEEOIOG<unk>KVQIQUDKQCDTR,51,4.1770398026285465,53.229063749313354,0.2153843194246292,True,1
L3_MATCHED_8x,8.0,1.6000379016857886,24,MPNALSALSDL,MPNALSALSDLKRRVTWAOLVRNLWBBUWO<unk>EWYQSBKUYDR<unk>SNRR,44,4.226143834398879,68.42911839485168,0.5173507332801819,True,0
L3_MATCHED_8x,8.0,1.6000379016857886,25,PENFRLLGNVLVCV,PENFRLLGNVLVCVHVYO<unk>UFU<unk>DT<unk>WRUBKONCCINRH<unk>OBWBI,47,4.144702415369331,51.40909552574158,0.13792461156845093,True,1
L3_MATCHED_8x,8.0,1.6000379016857886,26,FLPLAALGKVFGRCE,FLPLAALGKVFGRCENNTNCSDNEP<unk>EECUEIYANIABTNPRV,32,3.952819531114783,47.47561812400818,0.17124362289905548,True,1
L3_MATCHED_8x,8.0,1.6000379016857886,27,DDLGKGGNEESTKTG,DDLGKGGNEESTKTGPWDNBRGRTPBNAIUMRUIHQIKLHHWKEAEKA,33,3.9603202553942918,49.55458641052246,0.1465902030467987,True,1
L3_MATCHED_8x,8.0,1.6000379016857886,28,LEDGRTLSDYNIQK,LEDGRTLSDYNIQKK<unk>GRWAVEQMEDWUI<unk>QTEGFHKGBINP,36,4.4057645846554525,47.760868072509766,0.2696259617805481,True,1
L3_MATCHED_8x,8.0,1.6000379016857886,29,PVYDSLDAVRRCA,PVYDSLDAVRRCABDBSWWI<unk>GKRVIWGPKRYPRWLRWQUHCWTW,36,4.124050433264444,42.037877440452576,0.18329289555549622,True,1
L3_MATCHED_8x,8.0,1.6000379016857886,30,VEADIPGHGQEVLI,VEADIPGHGQEVLIDHGBRVKDUVKIYWDUCWWKWBWQWUGIWATKO,33,3.6758711054575395,42.595043778419495,0.12272430956363678,True,1
L3_MATCHED_8x,8.0,1.6000379016857886,31,ADKQKNGIKV,ADKQKNGIKVWGCBOOOBNRROROFQQUOKIRRYYQEW<unk>ECRRCYRR,41,3.7891675528181286,46.803656220436096,0.21410420536994934,True,1
L3_MATCHED_8x,8.0,1.6000379016857886,32,QPLALEGSLQKRG,QPLALEGSLQKRGWO<unk>VEEEA<unk>WYHNIWMEIKPNWFODNVCFBIW,40,4.193942707918269,47.4105179309845,0.14925819635391235,True,1
L3_MATCHED_8x,8.0,1.6000379016857886,33,SNYCNQMMKSR,SNYCNQMMKSRT<unk>WGEGCV<unk><unk>OTNNAMTAYUDOPKAQBBQWI,43,4.373143533419673,48.70804846286774,0.1986769735813141,True,1
L3_MATCHED_8x,8.0,1.6000379016857886,34,ASKGNLADVA,ASKGNLADVA<unk>RRVWTR<unk>BNVPFTNUFICWBIKMAM<unk>WYNRFCRRA,48,4.177694271103767,56.42749071121216,0.34191805124282837,True,1
L3_MATCHED_8x,8.0,1.6000379016857886,35,LENPKKYIPGT,LENPKKYIPGTWHPR<unk>INKSCHO<unk>AWHKPLVWTUIQRRKGHBEEIK,43,4.396853998737205,47.82560467720032,0.11411413550376892,True,1
L3_MATCHED_8x,8.0,1.6000379016857886,36,FLSFPTTKTY,FLSFPTTKTYFREARRSRAIMRKAQIEHNWIRRMRWMIRWPINIRY,36,3.3089883775620077,59.48176383972168,0.38958555459976196,True,1
L3_MATCHED_8x,8.0,1.6000379016857886,37,PDAVMGNPKVKA,PDAVMGNPKVKA<unk>VWHSYYGBWCRRQWYVRO<unk>RRAOYDBRGEQQARVQ,44,4.023948449120702,65.26350975036621,0.46390485763549805,True,0
L3_MATCHED_8x,8.0,1.6000379016857886,38,NSRWWCNDGRT,NSRWWCNDGRTIVIFWY<unk>PWLWLDEWIRKTATFRWUCKOUDWRW,37,4.096986893771378,44.27354037761688,0.2053503394126892,True,1
L3_MATCHED_8x,8.0,1.6000379016857886,39,NEESTKTGNA,NEESTKTGNAOMOWDVBSOWWWELRTBRWRWVKFLGKTONGW<unk>R,38,3.993941080432974,47.168779373168945,0.15310531854629517,True,1
L3_MATCHED_8x,8.0,1.6000379016857886,40,NIQKESTLHLV,NIQKESTLHLVEMGRRNDOEEF<unk>VYLKHOGINTMNK<unk>EMQTARFEU,43,4.359420499331698,70.68783044815063,0.5328419208526611,True,0
L3_MATCHED_8x,8.0,1.6000379016857886,41,IGHLLTKSPSLNA,IGHLLTKSPSLNAVABODNAUKBRNKNTUWMPFMWQHLKRNMID,31,4.0022680844408445,64.32275772094727,0.3976120948791504,True,0
L3_MATCHED_8x,8.0,1.6000379016857886,42,HPGDFGADAQ,HPGDFGADAQBUFOVQYRUDRQTGKRKAARCNSWBWRHDQCQKNUT,36,3.9721634603655414,52.32558846473694,0.3093019127845764,True,1
L3_MATCHED_8x,8.0,1.6000379016857886,43,IFFKDDGNYK,IFFKDDGNYKBOOFYGEODORRYEFCTKRUWEMSOIYUPKHGQRTRP,37,4.000559961488395,47.92217016220093,0.10665230453014374,True,1
L3_MATCHED_8x,8.0,1.6000379016857886,44,VNQHLCGSHLVE,VNQHLCGSHLVETWEFEWQUSTLUWWOEROIVDSRPSEYKOBMVG,33,4.028946391954607,50.1583993434906,0.13857080042362213,True,1
L3_MATCHED_8x,8.0,1.6000379016857886,45,VCSQKNVACKNGQ,VCSQKNVACKNGQWAEROBDKPWRMMVBOWQNYPGRDKGOYWQMCD<unk>,38,4.221097250057957,42.79642999172211,0.14587798714637756,True,1
L3_MATCHED_8x,8.0,1.6000379016857886,46,LQTYHKLPDNYI,LQTYHKLPDNYIRPOCUORCNODGUFEGKLRIRYTWENBVGWIREQ,34,4.032336282987774,47.2026526927948,0.18189744651317596,True,1
L3_MATCHED_8x,8.0,1.6000379016857886,47,MKCSQCHTVEK,MKCSQCHTVEKLRAWNP<unk>KIYBBTINCPCQ<unk>PONDDRVIKWUQWOR,43,4.36174295212495,45.187732577323914,0.14655965566635132,True,1
L3_MATCHED_8x,8.0,1.6000379016857886,48,GKKVADALTNAVAH,GKKVADALTNAVAHWHREEWAIBVQEWMNYHBHPDEVACAARFTRG,32,3.9292292966721747,68.17824840545654,0.483004629611969,True,0
L3_MATCHED_8x,8.0,1.6000379016857886,49,FSDGLAHLDNL,FSDGLAHLDNLBIOAWWRBRNOTGTOVRQKAVQTQRDN<unk>VNENLF,38,4.168465671110589,62.25888729095459,0.36436396837234497,True,0
